date,sent_net,n_titles
2019-01-02,-0.08719127486540895,46
2019-01-03,-0.21633009505458176,50
2019-01-04,0.18453002897428072,47
2019-01-05,-0.0626718569546938,11
2019-01-06,-0.012339526738383268,19
2019-01-07,0.2529685310471584,51
2019-01-08,0.1838683263437512,48
2019-01-09,0.1510408490763179,42
2019-01-10,0.23234073469801894,53
2019-01-11,0.05489230117139717,36
2019-01-12,-0.01783693360630423,16
2019-01-13,0.034648433930295354,17
2019-01-14,0.021592402528040112,40
2019-01-15,0.09516796020960266,55
2019-01-16,0.03447742809851964,45
2019-01-17,0.12464875790950221,48
2019-01-18,0.3250471255944475,46
2019-01-19,0.06801480183807704,13
2019-01-20,0.14908510282197418,17
2019-01-21,0.20637669020021956,30
2019-01-22,0.1475330107420197,46
2019-01-23,0.17441471845057666,51
2019-01-24,0.08689382270320642,49
2019-01-25,0.14598672481952235,48
2019-01-26,0.1340400998791059,21
2019-01-27,0.08898438600932851,17
2019-01-28,0.06043893871329991,56
2019-01-29,0.07941907061738711,51
2019-01-30,0.11562674680688217,51
2019-01-31,0.18309822938633416,53
2019-02-01,0.0670758016003331,53
2019-02-02,-0.06530867618593303,11
2019-02-03,0.21684370807519085,19
2019-02-04,0.25037059637463904,55
2019-02-05,0.17029777072580918,53
2019-02-06,0.2178783134929836,50
2019-02-07,-0.09998680086080301,59
2019-02-08,0.05763829909265041,45
2019-02-09,0.1612194433041355,17
2019-02-10,0.32447745221933083,14
2019-02-11,0.1778864495913094,53
2019-02-12,0.21608680656824547,52
2019-02-13,0.22808178332828297,48
2019-02-14,0.11214419062835751,54
2019-02-15,0.06803358559651922,48
2019-02-16,0.23422533133998513,15
2019-02-17,0.03629476032578028,13
2019-02-18,0.24022966224168027,28
2019-02-19,0.04035281251131926,53
2019-02-20,0.09870383486543831,57
2019-02-21,0.09222620821350978,54
2019-02-22,0.13751531927278493,41
2019-02-23,0.21679511587870748,19
2019-02-24,0.1355538273928687,24
2019-02-25,0.23429460616782308,50
2019-02-26,0.19119597980394387,52
2019-02-27,0.09556605954332134,52
2019-02-28,0.0432498996042543,45
2019-03-01,0.13903131497402985,45
2019-03-02,0.05676151791380511,9
2019-03-03,0.007971711368078277,21
2019-03-04,0.1851073624221263,54
2019-03-05,0.16898262665407465,56
2019-03-06,-0.09371764443952728,54
2019-03-07,-0.04007573804000811,49
2019-03-08,0.07602006448630957,47
2019-03-09,-0.058883862337097526,12
2019-03-10,0.17396781804660957,15
2019-03-11,0.15652093821501528,44
2019-03-12,0.1020254846472217,49
2019-03-13,0.21099094533342488,49
2019-03-14,-0.002326157549396157,40
2019-03-15,0.2726968246640573,58
2019-03-16,-0.13414606698514783,17
2019-03-17,0.19947134843096137,12
2019-03-18,0.16201185229234397,50
2019-03-19,0.21152166573915118,51
2019-03-20,0.1487586725561414,48
2019-03-21,0.15177236800944363,54
2019-03-22,0.23704428305583342,42
2019-03-23,-0.01799092802684754,16
2019-03-24,-0.017973729874938726,14
2019-03-25,0.0879113178141415,50
2019-03-26,0.09194246183809203,48
2019-03-27,-0.12565446278701226,45
2019-03-28,0.16787922848016024,45
2019-03-29,0.10763224182910351,43
2019-03-30,0.07503299124758034,17
2019-03-31,0.1854116542963311,16
2019-04-01,0.2532195576585512,47
2019-04-02,0.066426508477889,48
2019-04-03,0.2660995022438112,42
2019-04-04,0.09159882726403427,51
2019-04-05,0.15577298939782888,47
2019-04-06,0.1379537749259422,12
2019-04-07,0.026837175778512443,14
2019-04-08,0.16097604679538213,47
2019-04-09,0.08542848164991786,48
2019-04-10,0.026652327808056105,47
2019-04-11,0.17209431577335904,54
2019-04-12,0.09238555905975256,51
2019-04-13,0.07009938481048895,13
2019-04-14,0.04855771393825611,15
2019-04-15,0.03495567785792573,43
2019-04-16,0.01868668559904176,54
2019-04-17,0.10059222788141485,57
2019-04-18,0.05716351887174681,51
2019-04-19,0.014381827902980149,24
2019-04-20,-0.050106173381209373,13
2019-04-21,0.22812834162922466,17
2019-04-22,0.11815234721499554,47
2019-04-23,0.29187035922915106,41
2019-04-24,0.17751597686394774,54
2019-04-25,0.017843793369829653,50
2019-04-26,-0.000865948717826261,52
2019-04-27,0.054988843642852524,11
2019-04-28,0.0015732908028770578,22
2019-04-29,0.1665708712750563,54
2019-04-30,0.09141744952648878,48
2019-05-01,0.06957782158311808,53
2019-05-02,0.18465733646749044,53
2019-05-03,0.03581404214898168,43
2019-05-04,0.039969643810763955,16
2019-05-05,0.05441287695430219,16
2019-05-06,-0.04348037033578602,59
2019-05-07,-0.05142096288036555,40
2019-05-08,0.013409729237623867,42
2019-05-09,-0.19941824306409026,43
2019-05-10,-0.07535075642711793,48
2019-05-11,-0.012741860281676055,10
2019-05-12,0.0952328806195189,17
2019-05-13,-0.10309092720438327,56
2019-05-14,0.36175489598619087,49
2019-05-15,0.2131317333441298,53
2019-05-16,0.08029407350561367,52
2019-05-17,-0.05326395481824875,44
2019-05-18,-0.1370717849349603,16
2019-05-19,-0.1194699622283224,16
2019-05-20,-0.16108508428026522,49
2019-05-21,0.3407841433224309,46
2019-05-22,0.07450750211931088,44
2019-05-23,-0.12803528978730794,54
2019-05-24,0.07789325591708933,35
2019-05-25,-0.16130372301182327,17
2019-05-26,-0.0921345351796065,14
2019-05-27,0.0518513046618965,18
2019-05-28,0.0823471292140002,47
2019-05-29,-0.01579925050642693,53
2019-05-30,-0.0031888391636312008,50
2019-05-31,-0.138447754889388,44
2019-06-01,-0.17821025084704162,15
2019-06-02,-0.04945642207013933,19
2019-06-03,0.045803313551004976,48
2019-06-04,0.35273796743449737,53
2019-06-05,0.13621560122817755,50
2019-06-06,0.21349057482973655,49
2019-06-07,0.18991314245225943,46
2019-06-08,0.04590856386838775,19
2019-06-09,-0.04044927232077017,17
2019-06-10,0.3335039770343052,58
2019-06-11,0.11964458029805905,42
2019-06-12,-0.05030555699897163,51
2019-06-13,0.12732387268736672,52
2019-06-14,-0.0779394347439794,51
2019-06-15,0.12023965921252966,10
2019-06-16,0.1140795398503542,15
2019-06-17,0.028530359045480905,46
2019-06-18,0.30981255582689,48
2019-06-19,0.20288313973998262,43
2019-06-20,0.21945197222049576,37
2019-06-21,0.2047993787803138,39
2019-06-22,0.15697955270297825,16
2019-06-23,-0.06506316514255908,13
2019-06-24,-0.06378653741822662,44
2019-06-25,0.0359405096516841,36
2019-06-26,0.15191835091978895,51
2019-06-27,0.073629717880653,45
2019-06-28,0.2286729980592749,28
2019-06-29,0.1361705365901192,12
2019-06-30,0.12703610704435656,12
2019-07-01,0.2923452234923995,48
2019-07-02,0.11593019724065481,43
2019-07-03,0.11610987982047456,35
2019-07-04,0.3863983626532204,17
2019-07-05,0.1277695138108086,37
2019-07-06,0.22350689456132905,14
2019-07-07,0.23907661816338077,16
2019-07-08,-0.059648788951259725,48
2019-07-09,0.1091635888028476,45
2019-07-10,0.30787836147570297,57
2019-07-11,-0.06033837778700723,45
2019-07-12,0.1750159626826644,51
2019-07-13,0.1767349049777669,17
2019-07-14,0.10377139159079109,14
2019-07-15,0.0498213652399895,46
2019-07-16,0.1640689953905987,51
2019-07-17,0.17977108791555194,44
2019-07-18,-0.040699530579149726,45
2019-07-19,0.12381692525303485,49
2019-07-20,0.05248275914174669,17
2019-07-21,0.17313303311283773,13
2019-07-22,0.11756086959004668,56
2019-07-23,0.12037298651111702,62
2019-07-24,0.08647892676230709,59
2019-07-25,0.06760548930767862,61
2019-07-26,0.19001990791272233,54
2019-07-27,0.07117373178092141,24
2019-07-28,0.10505788627526035,23
2019-07-29,-0.010016351104959062,57
2019-07-30,0.18736381541937588,50
2019-07-31,0.12930180979365447,53
2019-08-01,0.24036263743076813,55
2019-08-02,-0.08458738708092521,48
2019-08-03,0.0349654754002889,12
2019-08-04,0.18227518531917172,22
2019-08-05,-0.14957525601494126,64
2019-08-06,0.1912390692801825,58
2019-08-07,0.13849826960139117,53
2019-08-08,0.2807704593219301,51
2019-08-09,-0.017233711076327242,52
2019-08-10,0.1992651693872176,16
2019-08-11,0.06496806203254632,14
2019-08-12,-0.03424760597586936,49
2019-08-13,0.3210493844235316,56
2019-08-14,-0.22177532580681145,60
2019-08-15,0.04957997839217289,52
2019-08-16,0.4588730572895319,54
2019-08-17,-0.06554096180479974,16
2019-08-18,0.12525456953937045,13
2019-08-19,0.22156146886326106,56
2019-08-20,0.12588924217164854,44
2019-08-21,0.07830373914195941,52
2019-08-22,0.02522755084235383,46
2019-08-23,-0.24633116354899748,49
2019-08-24,-0.22625020379200578,18
2019-08-25,-0.015268479908506076,15
2019-08-26,0.23852170605597825,58
2019-08-27,0.10755607996862836,41
2019-08-28,0.033963272522669286,48
2019-08-29,0.22104685889700285,52
2019-08-30,0.019746477262595215,37
2019-08-31,0.0022011296823620796,8
2019-09-01,0.07992957519988218,15
2019-09-02,0.1114938747137785,20
2019-09-03,-0.02806435331245357,53
2019-09-04,-0.09539903573691845,50
2019-09-05,0.13791743379884533,56
2019-09-06,0.06673432246975179,53
2019-09-07,-0.018536413443230447,21
2019-09-08,0.19271100818046502,14
2019-09-09,0.09893072152475792,54
2019-09-10,-0.11343737102974698,53
2019-09-11,0.10884755523875356,52
2019-09-12,0.11607258260930674,52
2019-09-13,0.08637032381258905,50
2019-09-14,0.05249909788835794,16
2019-09-15,0.036972563747050505,28
2019-09-16,0.11009016868315245,38
2019-09-17,0.10928469041634041,48
2019-09-18,0.2585458180680871,50
2019-09-19,0.23949016194258418,35
2019-09-20,0.17307268149064234,48
2019-09-21,-0.1643007155507803,13
2019-09-22,0.19286537061755857,18
2019-09-23,0.2395448244499917,49
2019-09-24,-0.09312275792472065,50
2019-09-25,0.04824147892162897,43
2019-09-26,-0.029595380611717702,50
2019-09-27,-0.11468924273633295,45
2019-09-28,0.11839972045272588,20
2019-09-29,0.058599566109478474,18
2019-09-30,0.035576741211116314,39
2019-10-01,0.12765573373619923,57
2019-10-02,-0.275968359637202,51
2019-10-03,0.31811471643181993,51
2019-10-04,0.21408526291035943,45
2019-10-05,0.07884883250181492,13
2019-10-06,-0.1758616419392638,16
2019-10-07,0.035923946648836136,49
2019-10-08,-0.1888643702957779,60
2019-10-09,0.28946634833342755,52
2019-10-10,0.16855693451577314,54
2019-10-11,0.42050005435012283,60
2019-10-12,-0.04721853103754776,14
2019-10-13,0.017237339712058503,12
2019-10-14,0.14252109453082085,46
2019-10-15,0.2770771379675716,50
2019-10-16,0.01807772906111746,58
2019-10-17,0.2282190559632784,51
2019-10-18,0.06535639414722298,47
2019-10-19,0.3356486874131056,13
2019-10-20,0.09852482953711468,17
2019-10-21,0.08392084193474147,64
2019-10-22,0.01903673343670865,60
2019-10-23,0.008773737151908581,61
2019-10-24,0.16283205829677172,64
2019-10-25,0.14009021089043258,53
2019-10-26,-0.00906574743844214,21
2019-10-27,0.163088429664426,17
2019-10-28,0.23967850454761808,58
2019-10-29,0.17972614170052112,50
2019-10-30,0.09455328743206337,48
2019-10-31,0.06590849125327972,52
2019-11-01,0.2930911844037473,50
2019-11-02,0.1615097006960284,21
2019-11-03,0.17677356191866456,21
2019-11-04,0.170490634245798,50
2019-11-05,0.06881501837806017,54
2019-11-06,0.08654757733789406,56
2019-11-07,0.1828045397515184,58
2019-11-08,0.16775945346916513,49
2019-11-09,0.07705506358650469,21
2019-11-10,0.028087613731622697,25
2019-11-11,0.11359406914561987,45
2019-11-12,0.14788943888586864,57
2019-11-13,-0.021125595430554502,58
2019-11-14,0.1539211256654355,58
2019-11-15,0.08750316184335227,58
2019-11-16,0.03358495661190578,14
2019-11-17,0.13246345290293296,15
2019-11-18,0.09922810237289273,56
2019-11-19,0.09930593699047512,55
2019-11-20,0.05969501615247943,55
2019-11-21,0.149484403854744,55
2019-11-22,0.07811514740543705,49
2019-11-23,0.08493401611653659,13
2019-11-24,0.13367307310303053,21
2019-11-25,0.28563717602186706,56
2019-11-26,0.18840963101698732,49
2019-11-27,0.09520524833351374,53
2019-11-28,0.30403134640992474,19
2019-11-29,0.1473991463615282,37
2019-11-30,-0.10576892745765773,22
2019-12-01,0.14980626360259272,33
2019-12-02,-0.05225360341239394,57
2019-12-03,-0.009181887436185091,63
2019-12-04,0.08803893647649709,51
2019-12-05,0.19035028826744696,56
2019-12-06,0.21679767759686167,55
2019-12-07,0.10495926954014145,23
2019-12-08,0.0859157944098115,30
2019-12-09,0.17063491468910466,55
2019-12-10,0.08600091217490642,46
2019-12-11,0.13193345560769862,48
2019-12-12,0.1964598120016567,59
2019-12-13,0.14883827602660113,55
2019-12-14,0.07647497265134007,16
2019-12-15,0.16605177403173663,11
2019-12-16,0.2598679207381792,40
2019-12-17,0.27795387578612946,47
2019-12-18,0.29904988522128184,49
2019-12-19,0.20794792670326737,39
2019-12-20,0.2224027581550941,49
2019-12-21,0.13892157547371953,19
2019-12-22,0.14261683361495242,17
2019-12-23,0.11641301507396358,49
2019-12-24,0.14794456179342455,42
2019-12-25,0.019761560277806386,9
2019-12-26,0.18116266613360493,40
2019-12-27,0.16839537336132848,39
2019-12-28,0.04739493461182484,13
2019-12-29,0.01631444413214922,10
2019-12-30,0.18519949811794187,46
2019-12-31,0.14466337542245655,38
2020-01-01,0.05252537957858294,8
2020-01-02,0.22252487512670605,51
2020-01-03,0.020118807356706576,38
2020-01-04,-0.021928956173360346,10
2020-01-05,0.11213814682560042,16
2020-01-06,0.2002679992424832,44
2020-01-07,0.11959693754637023,41
2020-01-08,0.22295837240217595,49
2020-01-09,0.19216027320362628,58
2020-01-10,0.21127338714897634,50
2020-01-11,0.13372858277020547,13
2020-01-12,0.24240369708942516,14
2020-01-13,0.35731918052770195,40
2020-01-14,0.1645212251576595,40
2020-01-15,0.1369841296463182,51
2020-01-16,0.16654782382269892,52
2020-01-17,0.18475226357939742,62
2020-01-18,-0.03562386807364722,12
2020-01-19,0.05782249427455313,17
2020-01-20,0.20535281449877496,29
2020-01-21,0.07849581730401804,62
2020-01-22,0.24537616044739788,53
2020-01-23,0.13849745743209496,48
2020-01-24,0.1626374549942754,59
2020-01-25,0.023248496537025157,13
2020-01-26,0.11794835936866309,19
2020-01-27,-0.3025511035976826,53
2020-01-28,0.2260077960683771,53
2020-01-29,0.1610442479658458,54
2020-01-30,-0.03104553758590059,55
2020-01-31,-0.1018936032529122,56
2020-02-01,-0.08288508523255586,10
2020-02-02,0.02810742718478044,15
2020-02-03,0.16666831490675024,51
2020-02-04,0.22784204761527718,62
2020-02-05,0.15347788083987932,60
2020-02-06,0.08991863062316231,58
2020-02-07,0.026190646815424164,60
2020-02-08,0.18781373955841577,14
2020-02-09,0.06905116958336698,18
2020-02-10,0.11596222032137492,54
2020-02-11,0.07585552106188102,55
2020-02-12,0.23826355936650473,52
2020-02-13,0.12627458161607916,56
2020-02-14,0.06393821987916123,55
2020-02-15,0.03501853079845508,15
2020-02-16,-0.010003578722138296,22
2020-02-17,0.03395026103085415,44
2020-02-18,0.13556056939286448,59
2020-02-19,0.27126327402551065,55
2020-02-20,0.05746983977491563,53
2020-02-21,-0.17079561395355716,52
2020-02-22,0.043741439402635605,14
2020-02-23,0.19184508034959435,18
2020-02-24,-0.349576053279452,60
2020-02-25,0.023850307187617378,54
2020-02-26,0.10053779392323473,57
2020-02-27,-0.15344327584219475,60
2020-02-28,-0.20695974967712838,62
2020-02-29,-0.07517487938249749,14
2020-03-01,-0.015383664518594742,15
2020-03-02,0.1264195662851517,52
2020-03-03,0.03347997127680993,61
2020-03-04,0.3082116700677296,59
2020-03-05,-0.17291318472535883,61
2020-03-06,-0.30082375523800564,56
2020-03-07,-0.16084600033481483,23
2020-03-08,0.19695059332298115,16
2020-03-09,-0.2529231760683551,57
2020-03-10,-0.0897366842339662,55
2020-03-11,0.01274024487806941,53
2020-03-12,-0.554136977664062,63
2020-03-13,-0.1587955326831434,64
2020-03-14,0.045476865700700066,22
2020-03-15,0.15437437567859888,25
2020-03-16,-0.33312818452169923,58
2020-03-17,0.2535024112942865,59
2020-03-18,-0.0828989162763352,57
2020-03-19,-0.16668295151612256,64
2020-03-20,0.103609425543497,60
2020-03-21,0.033597689943716806,17
2020-03-22,0.02465887210564688,16
2020-03-23,0.08511632676594533,65
2020-03-24,0.2742816342726209,53
2020-03-25,0.04655072823362915,57
2020-03-26,0.09062167430798021,52
2020-03-27,-0.14808333195237952,66
2020-03-28,-0.11350740421125118,17
2020-03-29,0.1121603094839624,14
2020-03-30,0.15468390685362884,52
2020-03-31,0.15899183173828266,51
2020-04-01,-0.3483457563731533,65
2020-04-02,0.2072956660446131,53
2020-04-03,-0.041229570549431035,58
2020-04-04,-0.12976745824114636,13
2020-04-05,0.17198555325740017,16
2020-04-06,0.4415483519859502,68
2020-04-07,0.23650118926936975,61
2020-04-08,0.11790621263935464,64
2020-04-09,0.13832579478473653,63
2020-04-10,0.051380351185798645,31
2020-04-11,-0.07041161049467821,12
2020-04-12,0.01078436297497579,21
2020-04-13,-0.12239769495402773,60
2020-04-14,0.3057329143796648,63
2020-04-15,-0.05755568226195977,71
2020-04-16,0.15114423051653875,63
2020-04-17,0.1685334343894093,67
2020-04-18,-0.05637530545489146,13
2020-04-19,0.08696160235099103,19
2020-04-20,0.0027537575058106866,56
2020-04-21,-0.242742353195294,61
2020-04-22,0.24166285737528134,59
2020-04-23,0.0012159527924198372,65
2020-04-24,0.13661422471229273,52
2020-04-25,0.09219789779227641,18
2020-04-26,-0.04340605563281671,23
2020-04-27,0.28477031767057875,60
2020-04-28,0.045234757736978826,57
2020-04-29,0.2906972866912838,64
2020-04-30,0.013267290586280444,63
2020-05-01,-0.3613553615434775,63
2020-05-02,0.060773911094293,20
2020-05-03,0.16995224028237557,19
2020-05-04,0.27977246815419715,46
2020-05-05,0.1826958879006698,68
2020-05-06,0.1299438314106796,62
2020-05-07,0.11169583890587091,65
2020-05-08,0.18252610636762145,66
2020-05-09,0.06383072837655034,21
2020-05-10,0.06527681369334459,22
2020-05-11,0.07617763580698798,67
2020-05-12,0.12400467923424881,58
2020-05-13,0.13809424443613916,63
2020-05-14,0.10911006587698605,66
2020-05-15,-0.030479493630783897,70
2020-05-16,-0.13195019582972714,19
2020-05-17,0.0601292645248274,24
2020-05-18,0.23161082129495647,65
2020-05-19,0.16679172749774387,52
2020-05-20,0.35197254399753225,59
2020-05-21,0.07033482164313848,55
2020-05-22,0.1645600497317703,46
2020-05-23,0.09980437314758699,15
2020-05-24,0.01819654166077574,18
2020-05-25,-0.009065453679515766,13
2020-05-26,0.3763204430618013,60
2020-05-27,0.05210290914225691,53
2020-05-28,0.15925033452848975,65
2020-05-29,0.2800394786366572,48
2020-05-30,0.05118921870256171,17
2020-05-31,0.33400555959759426,26
2020-06-01,0.30751421829720715,53
2020-06-02,0.04593697209687283,48
2020-06-03,0.24941269211111622,57
2020-06-04,-0.08492641730652171,49
2020-06-05,0.5063576634803956,44
2020-06-06,0.18249567390347904,13
2020-06-07,0.05876945777747192,19
2020-06-08,0.3985583761347119,44
2020-06-09,0.15796805085200402,36
2020-06-10,0.20572763671433286,42
2020-06-11,0.08052388069248109,33
2020-06-12,0.06331363652965852,28
2020-06-13,0.16587834188248962,8
2020-06-14,0.21936437021940947,8
2020-06-15,0.022470573489756687,23
2020-06-16,0.2806187094344447,24
2020-06-17,0.044072266081693,27
2020-06-18,0.21152526670661959,23
2020-06-19,-0.01462534083812325,27
2020-06-20,0.18377868123352528,10
2020-06-21,0.01643767613651497,14
2020-06-22,0.24947423160214116,27
2020-06-23,0.10131755232578143,32
2020-06-24,0.154498073813175,31
2020-06-25,0.072301880123892,28
2020-06-26,0.167444645808163,22
2020-06-27,-0.010136805707588792,8
2020-06-28,0.07638977291062474,10
2020-06-29,0.20226142417801463,23
2020-06-30,0.1259848294957053,21
2020-07-01,0.11677101823235196,28
2020-07-02,0.07220443840404707,28
2020-07-03,0.3750643407693133,16
2020-07-04,-0.05868662167340517,10
2020-07-05,-0.0724107082001865,10
2020-07-06,0.11433971031672424,27
2020-07-07,0.23280172978110356,29
2020-07-08,-0.09323305323218498,26
2020-07-09,0.07047405236932848,28
2020-07-10,0.12086598481982946,25
2020-07-11,0.0912625016644597,6
2020-07-12,0.1582714532657216,12
2020-07-13,0.044703645873124954,27
2020-07-14,0.08278069896968426,27
2020-07-15,0.0744389533996582,30
2020-07-16,0.14333221834152937,25
2020-07-17,0.06875143181532621,25
2020-07-18,-0.02353498339653015,10
2020-07-19,-0.07600450472762951,13
2020-07-20,0.04361548723786005,28
2020-07-21,0.15120558356019584,33
2020-07-22,0.15402899003001275,27
2020-07-23,0.14273190672975034,32
2020-07-24,-0.06953325658105314,28
2020-07-25,-0.09308355604298413,8
2020-07-26,-0.08536842946584026,12
2020-07-27,0.21190207420537868,24
2020-07-28,0.08107163726041715,24
2020-07-29,0.1860452004087468,30
2020-07-30,0.058691724477445376,34
2020-07-31,0.067598264105618,20
2020-08-01,0.07336180051788688,10
2020-08-02,0.08440396375954151,9
2020-08-03,0.22800908375277437,22
2020-08-04,0.12023584067821502,25
2020-08-05,0.18691417516342232,35
2020-08-06,0.08653254916891456,25
2020-08-07,0.0779516960804661,27
2020-08-08,-0.14045663796631352,14
2020-08-09,0.43313763923943044,5
2020-08-10,0.18637548469436857,26
2020-08-11,0.16598864468849367,18
2020-08-12,0.07513050935589351,26
2020-08-13,0.0943451592233032,30
2020-08-14,-0.06407237949315459,24
2020-08-15,0.046992041356861594,10
2020-08-16,0.09023924694898036,13
2020-08-17,-0.01078779187053442,25
2020-08-18,-0.10591479609362207,26
2020-08-19,0.024630856700241566,26
2020-08-20,0.09066618625074625,30
2020-08-21,0.09633284900337458,26
2020-08-22,0.3989908172349845,7
2020-08-23,-0.17355135725811124,10
2020-08-24,-0.012940006175388893,18
2020-08-25,0.0192758569923731,26
2020-08-26,0.12102316882062171,28
2020-08-27,0.12673410326242446,25
2020-08-28,0.15257519987695242,23
2020-08-29,-0.3178015613928437,5
2020-08-30,0.25581479088092846,18
2020-08-31,0.16455895254727115,22
2020-09-01,0.16506798198503075,33
2020-09-02,0.12840570085164574,36
2020-09-03,-0.020741043660532813,29
2020-09-04,-0.19567145486534746,27
2020-09-05,0.1313147232444449,11
2020-09-06,0.21847088948230853,11
2020-09-07,-0.020080793695524336,20
2020-09-08,0.08325658420002774,19
2020-09-09,0.21194027308374644,20
2020-09-10,0.014680302211720692,19
2020-09-11,-0.17385766613297166,20
2020-09-12,-0.13969727838411927,8
2020-09-13,0.3026797398078171,11
2020-09-14,0.11325311758555472,20
2020-09-15,0.13668535061349923,22
2020-09-16,0.11607187367975712,25
2020-09-17,0.16623391956090927,21
2020-09-18,0.05203607546932557,17
2020-09-19,0.19233879710858068,6
2020-09-20,0.17451689625158906,12
2020-09-21,-0.06747032972496181,21
2020-09-22,0.013272947092589579,19
2020-09-23,-0.018099188804626465,17
2020-09-24,0.0032018619175586435,18
2020-09-25,0.09823972471058369,20
2020-09-26,-0.011971201481563705,7
2020-09-27,0.10128188469181103,14
2020-09-28,0.05692684996340956,28
2020-09-29,0.12416985118761659,19
2020-09-30,0.10968754429800007,26
2020-10-01,0.21544464910402894,21
2020-10-02,-0.03687728444735209,24
2020-10-03,0.08840032946318388,11
2020-10-04,0.05151291231491736,14
2020-10-05,0.03723830304277891,22
2020-10-06,-0.238353620050475,20
2020-10-07,0.041479844397500805,23
2020-10-08,0.010890596391012272,24
2020-10-09,0.10731763106391386,27
2020-10-10,-0.008592364455883702,12
2020-10-11,0.09446424857846328,14
2020-10-12,0.1670091462266796,17
2020-10-13,-0.1548468078571287,22
2020-10-14,0.03570440116648873,24
2020-10-15,0.118292673712685,21
2020-10-16,0.12913034945016816,21
2020-10-17,-0.10983373166527599,8
2020-10-18,0.2094703262555413,16
2020-10-19,-0.0023626398581724902,26
2020-10-20,0.19438142744316297,22
2020-10-21,0.007010010640240378,27
2020-10-22,0.07027079700492322,28
2020-10-23,0.10130624319426715,20
2020-10-24,0.12256257303736427,11
2020-10-25,0.09348572045564651,13
2020-10-26,-0.08529332050910363,26
2020-10-27,0.14658511457619844,27
2020-10-28,0.06933486058066289,30
2020-10-29,0.04108752453854928,24
2020-10-30,0.020350198550470943,29
2020-10-31,0.0912596689692388,12
2020-11-01,0.04431502390652895,15
2020-11-02,0.0030001586958490036,27
2020-11-03,0.03670093522999774,22
2020-11-04,0.07393584826162883,21
2020-11-05,0.1262807796140098,36
2020-11-06,0.19520504027605057,29
2020-11-07,0.20773156670232615,12
2020-11-08,0.006778118539262901,11
2020-11-09,0.023331955813899123,29
2020-11-10,0.08239689034235198,32
2020-11-11,0.0843847735086456,24
2020-11-12,0.1042357435583004,35
2020-11-13,0.10221863687038421,20
2020-11-14,0.11794729297980666,8
2020-11-15,-0.03475030431790011,14
2020-11-16,0.11021986113240322,30
2020-11-17,0.35704174290957125,29
2020-11-18,0.07904177686820428,30
2020-11-19,0.007677097472229174,28
2020-11-20,-0.037366403732448816,26
2020-11-21,0.24800749563358046,11
2020-11-22,0.08742816982647547,13
2020-11-23,0.07011866471730173,20
2020-11-24,0.14668359764312444,19
2020-11-25,0.03744422205324684,28
2020-11-26,0.006175572814589197,11
2020-11-27,0.0574243680707046,21
2020-11-28,0.10399561124638869,13
2020-11-29,0.07995882221999076,13
2020-11-30,-0.09633297773285045,27
2020-12-01,0.29486300345510247,25
2020-12-02,-0.07821091246576263,26
2020-12-03,0.16332357093835106,26
2020-12-04,0.2018373099022678,28
2020-12-05,-0.04840959911234677,12
2020-12-06,0.16758967411111703,11
2020-12-07,0.2602914325206688,19
2020-12-08,0.05092072721432756,27
2020-12-09,0.2038077741329159,28
2020-12-10,0.10802695117308758,32
2020-12-11,0.027825512440392264,27
2020-12-12,0.07637996586660543,15
2020-12-13,-0.186895956793292,11
2020-12-14,0.16834949379643568,26
2020-12-15,0.1375105735319464,23
2020-12-16,0.1417637612298131,25
2020-12-17,0.15406871490180493,25
2020-12-18,0.21977526081415513,36
2020-12-19,0.18007019381704076,14
2020-12-20,0.2425435934149261,14
2020-12-21,0.03355946453022105,35
2020-12-22,0.22625358150197336,26
2020-12-23,-0.08184568773441274,29
2020-12-24,0.13888507451862098,25
2020-12-25,0.27267177612520754,4
2020-12-26,0.09634145154533061,11
2020-12-27,0.14156311525342366,12
2020-12-28,0.057771555885362126,24
2020-12-29,0.12425812583808836,19
2020-12-30,-0.01721940479344792,27
2020-12-31,0.07661325748889677,31
2021-01-01,0.2044440624727444,11
2021-01-02,0.08962821983732283,8
2021-01-03,0.24867829849774187,11
2021-01-04,0.017334546727527465,28
2021-01-05,0.004049369797223445,33
2021-01-06,0.36209296213527176,29
2021-01-07,0.20530344863775477,29
2021-01-08,0.18888407915697566,28
2021-01-09,-0.06933805788867176,12
2021-01-10,0.14889511118896984,11
2021-01-11,0.0431988696745109,21
2021-01-12,0.20928361800245263,22
2021-01-13,0.12938790218904614,25
2021-01-14,0.12743329071919574,33
2021-01-15,0.19454234704861176,23
2021-01-16,0.11246682768687606,15
2021-01-17,-0.10696975860951675,18
2021-01-18,0.259272695130979,12
2021-01-19,-0.0008194554789826788,29
2021-01-20,0.027827923496564228,33
2021-01-21,0.22922644346695523,29
2021-01-22,0.1135900278966273,31
2021-01-23,0.15654241764504048,9
2021-01-24,0.0516573008046382,18
2021-01-25,-0.04302140263219675,33
2021-01-26,0.24891803527457845,27
2021-01-27,-0.12640173615266878,30
2021-01-28,0.12723175057720754,31
2021-01-29,0.09169170341144005,30
2021-01-30,0.04582334940250103,13
2021-01-31,0.09630180057138205,14
2021-02-01,0.2811659804153207,38
2021-02-02,0.16526168851285344,36
2021-02-03,0.12813274961081333,32
2021-02-04,0.29974150632254104,33
2021-02-05,0.018799596807609002,30
2021-02-06,-0.12207318157223719,14
2021-02-07,0.10376232217710751,13
2021-02-08,0.053684762945132594,21
2021-02-09,0.24498998664319516,25
2021-02-10,0.15800633244216442,20
2021-02-11,0.17738116568173556,34
2021-02-12,0.12857600658511123,24
2021-02-13,0.057896045967936516,7
2021-02-14,0.062119081099000245,9
2021-02-15,0.007775488123297691,10
2021-02-16,0.004974866009972713,27
2021-02-17,-0.03365660933195613,32
2021-02-18,0.09530703406780958,30
2021-02-19,0.09298501358940624,26
2021-02-20,0.06333292047069831,11
2021-02-21,0.061225942336022854,16
2021-02-22,0.056305604136508446,23
2021-02-23,-0.004036568770451205,35
2021-02-24,0.03445588898445879,35
2021-02-25,0.18083279019753848,35
2021-02-26,0.15167584173657275,27
2021-02-27,0.08097925074398518,10
2021-02-28,-0.057145886455795596,14
2021-03-01,0.022350888621682923,30
2021-03-02,0.06135227474650102,28
2021-03-03,0.007499726079404354,25
2021-03-04,0.04982752214756704,31
2021-03-05,0.010094788255951097,31
2021-03-06,0.13496617983198828,9
2021-03-07,-0.07037258469922976,11
2021-03-08,0.1606836186467924,22
2021-03-09,0.047528817218595316,28
2021-03-10,0.18823699644682082,22
2021-03-11,0.004902572167338803,32
2021-03-12,0.08346533965643334,23
2021-03-13,0.17786676658747289,13
2021-03-14,0.12622836612475416,18
2021-03-15,0.11359002898730662,23
2021-03-16,0.048880577652848194,28
2021-03-17,0.11449509004775721,26
2021-03-18,0.08851066116243601,25
2021-03-19,0.13959486268598725,27
2021-03-20,0.06861529240591659,9
2021-03-21,0.07776183487537007,12
2021-03-22,0.0676244767740942,26
2021-03-23,0.08040085599003803,21
2021-03-24,0.07572295783708492,30
2021-03-25,0.03488470819395255,34
2021-03-26,0.20095867744336526,30
2021-03-27,0.08849235020932697,21
2021-03-28,0.019660686342311755,14
2021-03-29,0.2527837310227807,27
2021-03-30,0.10501514966397182,23
2021-03-31,0.042994213215405905,31
2021-04-01,-0.07684440040511303,29
2021-04-02,0.1223206290602684,25
2021-04-03,0.10030993664016326,9
2021-04-04,0.3043491683731025,11
2021-04-05,-0.032497069514963936,23
2021-04-06,-0.010196320426005583,26
2021-04-07,0.15122173094589794,28
2021-04-08,0.11788114625960588,27
2021-04-09,0.061017005524087335,31
2021-04-10,0.07799001816998828,11
2021-04-11,0.031690832012547895,13
2021-04-12,9.47624659882142e-05,26
2021-04-13,0.0776433666512646,27
2021-04-14,0.07613891449112159,26
2021-04-15,0.2350393910647223,19
2021-04-16,0.08309561671275231,27
2021-04-17,0.19523598660122266,11
2021-04-18,0.13427652400703385,13
2021-04-19,0.13803155450471516,29
2021-04-20,-0.0002313796430826187,32
2021-04-21,0.09298785324790515,32
2021-04-22,0.058277739967043336,37
2021-04-23,0.17827870953699637,29
2021-04-24,-0.139588110614568,12
2021-04-25,0.02392005454748869,8
2021-04-26,0.18933401965270086,28
2021-04-27,0.024324294254183768,25
2021-04-28,0.01419985291015889,28
2021-04-29,0.11677711524746635,33
2021-04-30,-0.044481181273502965,35
2021-05-01,0.27201267909258603,10
2021-05-02,0.21857352163642646,10
2021-05-03,0.1372902787500812,31
2021-05-04,0.16093943207166517,26
2021-05-05,0.09400976341097586,31
2021-05-06,0.03521627103609423,31
2021-05-07,0.1445121876336634,25
2021-05-08,0.08712387857958674,10
2021-05-09,0.092512180407842,6
2021-05-10,-0.005523945639530818,30
2021-05-11,0.0020521921706536123,31
2021-05-12,0.1739213830170532,30
2021-05-13,0.049901213336350586,29
2021-05-14,0.08511892211591375,29
2021-05-15,0.23680719932807343,7
2021-05-16,-0.12796847995681068,12
2021-05-17,0.0276245113927871,28
2021-05-18,0.02123072107547316,29
2021-05-19,0.04875813315019888,34
2021-05-20,0.2213584725279361,40
2021-05-21,0.11522482745349408,30
2021-05-22,0.022565507640441258,6
2021-05-23,-0.04118760746832077,13
2021-05-24,0.10537668306316281,29
2021-05-25,0.08733068633203706,30
2021-05-26,0.14245633323512533,34
2021-05-27,0.15239152445509616,36
2021-05-28,0.14940995954234024,29
2021-05-29,0.2620657892483804,9
2021-05-30,0.0015540145337581634,15
2021-05-31,0.4032522624358535,10
2021-06-01,0.024977139218456366,22
2021-06-02,0.07970248326530745,29
2021-06-03,0.2195377823497568,28
2021-06-04,0.10140750286800246,31
2021-06-05,0.21674802393785544,14
2021-06-06,0.11537540016607159,21
2021-06-07,-0.05222592741871874,30
2021-06-08,0.10247703646018635,32
2021-06-09,-0.1309094161648924,24
2021-06-10,0.04658322847847428,35
2021-06-11,-0.019647811125550006,27
2021-06-12,-0.01804927575091521,15
2021-06-13,0.18816144660943085,9
2021-06-14,0.09629769490233489,35
2021-06-15,-0.00840292774654668,29
2021-06-16,0.044225293956696984,30
2021-06-17,0.18297016303296443,27
2021-06-18,0.046126634847106676,28
2021-06-19,-0.1492780182849277,11
2021-06-20,0.041651028441265225,12
2021-06-21,0.013742862676735967,32
2021-06-22,0.11118164132349193,20
2021-06-23,0.11195580071459214,21
2021-06-24,0.036887995999407126,37
2021-06-25,0.2019383090386248,23
2021-06-26,-0.01287596944409112,12
2021-06-27,0.0225108340382576,15
2021-06-28,0.15004513822495938,30
2021-06-29,0.0589966739838322,21
2021-06-30,0.1513731871576359,24
2021-07-01,0.1354700131341815,29
2021-07-02,0.1807841703827892,28
2021-07-03,0.03736030649055134,11
2021-07-04,0.17039853216459352,15
2021-07-05,0.026714588631875813,8
2021-07-06,0.1562861478222268,21
2021-07-07,0.05462750747728233,26
2021-07-08,0.1751466912560557,38
2021-07-09,0.07494985603261739,32
2021-07-10,0.08998119287813704,12
2021-07-11,0.0911232113527755,12
2021-07-12,0.10401251811223726,24
2021-07-13,0.09047126367447837,31
2021-07-14,0.18447581497842774,34
2021-07-15,0.029183298831099068,29
2021-07-16,0.0009159851793406738,36
2021-07-17,0.0707481677333514,12
2021-07-18,0.0931290283000895,14
2021-07-19,0.05603538584810766,33
2021-07-20,0.1625964062695857,32
2021-07-21,0.041632575275642535,35
2021-07-22,-0.027727057651749678,35
2021-07-23,0.13595594878618916,30
2021-07-24,-0.028616565882283097,17
2021-07-25,-0.029133962805975567,11
2021-07-26,0.24906400542844226,27
2021-07-27,0.027811857907531354,26
2021-07-28,-0.030474004966597402,31
2021-07-29,0.10206025355280592,39
2021-07-30,0.06474895674735308,25
2021-07-31,0.1391385201131925,16
2021-08-01,0.007748125772923231,10
2021-08-02,0.21760652870649383,21
2021-08-03,0.06794649141374975,32
2021-08-04,0.11416478879640207,34
2021-08-05,0.03964118224879106,33
2021-08-06,0.04654879948745171,30
2021-08-07,-0.17225924832746387,7
2021-08-08,0.03434756225241082,14
2021-08-09,0.024662227787334342,29
2021-08-10,0.2647891938686371,31
2021-08-11,0.13831156417011067,26
2021-08-12,0.052925355701396865,30
2021-08-13,-0.06068867169177303,26
2021-08-14,0.13489989129205546,6
2021-08-15,0.397878313927274,19
2021-08-16,0.022786997125617096,28
2021-08-17,0.07258815867161113,28
2021-08-18,-0.025730976058791082,33
2021-08-19,-0.04972996648090581,24
2021-08-20,-0.0704708327944188,23
2021-08-21,0.11968113016337156,8
2021-08-22,0.13191235437989235,13
2021-08-23,0.11057472790801717,31
2021-08-24,0.16424274263959943,33
2021-08-25,0.04948300190655322,29
2021-08-26,0.0678244001897318,35
2021-08-27,0.15564488518216155,34
2021-08-28,-0.040242765047070056,18
2021-08-29,0.12604755853923658,12
2021-08-30,0.17313365745185702,27
2021-08-31,-0.018488696155448753,30
2021-09-01,0.12484388168041523,26
2021-09-02,0.17586592445150018,30
2021-09-03,0.07871024084410497,28
2021-09-04,0.22595948518978226,18
2021-09-05,0.19381707194926484,14
2021-09-06,0.05254338363952497,17
2021-09-07,-0.03674565859395882,29
2021-09-08,0.13209379825590029,37
2021-09-09,-0.0014511889312416315,36
2021-09-10,-0.12420884390982488,30
2021-09-11,0.2025986853006639,19
2021-09-12,-0.06680126541427203,7
2021-09-13,0.12131205942326535,36
2021-09-14,0.04506852343769335,41
2021-09-15,0.13084905524738133,36
2021-09-16,0.10072727545441405,37
2021-09-17,0.08616741112763843,31
2021-09-18,0.14497839054092765,10
2021-09-19,-0.022165587038866112,14
2021-09-20,-0.016418573992519545,29
2021-09-21,-0.02659481018781662,33
2021-09-22,0.10224958569468821,34
2021-09-23,0.030754587799310684,30
2021-09-24,0.08441986277809038,34
2021-09-25,0.15817073604557663,16
2021-09-26,0.32646988791724046,15
2021-09-27,0.034732709638774395,31
2021-09-28,0.059659197757189926,33
2021-09-29,0.12731772677174635,35
2021-09-30,0.13010750064072577,37
2021-10-01,-0.052057710786660515,33
2021-10-02,0.300531740183942,16
2021-10-03,0.04866254407291611,18
2021-10-04,0.23069638768211007,30
2021-10-05,0.14447149421903305,32
2021-10-06,0.14320485151256435,32
2021-10-07,0.035771146227489226,32
2021-10-08,0.022298994970818362,30
2021-10-09,0.0097836849745363,8
2021-10-10,0.08310664765950707,18
2021-10-11,0.14051695288314173,24
2021-10-12,0.03989725826042039,28
2021-10-13,0.004760791350043181,33
2021-10-14,0.20093809733433382,28
2021-10-15,0.11045030222246141,33
2021-10-16,0.052456573857104075,17
2021-10-17,0.1907177846162365,13
2021-10-18,0.09606031223665923,32
2021-10-19,0.16129758605605055,29
2021-10-20,0.17965699684235356,31
2021-10-21,0.0006716147972605167,39
2021-10-22,0.13650216919279867,31
2021-10-23,0.18925663642585278,14
2021-10-24,-0.17601097119040787,8
2021-10-25,-0.007816874672873663,26
2021-10-26,0.05438001286786269,34
2021-10-27,0.03319879193362352,37
2021-10-28,0.055207640160289076,45
2021-10-29,-0.07338541841932705,35
2021-10-30,-0.012010185846260615,7
2021-10-31,-0.07998501261075337,12
2021-11-01,0.08887851718933351,31
2021-11-02,0.09103778473129778,33
2021-11-03,-0.03881723748949858,26
2021-11-04,0.09538546295248364,38
2021-11-05,0.0684892316639889,32
2021-11-06,0.20028841512447054,11
2021-11-07,0.0008713005642805781,7
2021-11-08,0.16221370064322987,31
2021-11-09,0.02209192728623748,30
2021-11-10,0.0679708754333357,30
2021-11-11,0.09623063390608877,36
2021-11-12,0.21880035194241115,37
2021-11-13,0.11790097932166912,17
2021-11-14,0.04250512830913067,12
2021-11-15,0.20174411311745644,30
2021-11-16,0.11880508109849568,24
2021-11-17,-0.0062379100195625245,34
2021-11-18,0.17274362050617734,33
2021-11-19,0.20424383753120448,33
2021-11-20,0.003633791503186027,18
2021-11-21,0.08810466692289885,17
2021-11-22,0.14645208829953785,31
2021-11-23,0.07556383170719658,35
2021-11-24,0.11465173106019695,36
2021-11-25,-0.16089697810821235,12
2021-11-26,-0.004208336783839124,28
2021-11-27,0.3523082476375358,7
2021-11-28,0.05081668607890606,15
2021-11-29,0.005189480228970448,30
2021-11-30,0.011593570121594014,31
2021-12-01,0.00965485514729823,38
2021-12-02,-0.031126939225941896,36
2021-12-03,0.03889946911949664,40
2021-12-04,0.23044618239833248,9
2021-12-05,-0.2625562194734812,9
2021-12-06,0.061145870410131684,33
2021-12-07,0.12241266322273173,38
2021-12-08,0.1438419763299246,31
2021-12-09,-0.09125975338974968,32
2021-12-10,0.2077383401338011,36
2021-12-11,0.13528620630789262,13
2021-12-12,0.28671288350597024,12
2021-12-13,0.18859726497261176,29
2021-12-14,-0.09870938303481255,35
2021-12-15,0.12236666131877538,33
2021-12-16,0.12551921248239906,38
2021-12-17,0.006451279099564999,32
2021-12-18,0.21563584124669433,10
2021-12-19,-0.05438464290151993,12
2021-12-20,0.05655799182131886,30
2021-12-21,0.1027313532472095,34
2021-12-22,0.11305138258443724,31
2021-12-23,0.06239468694797584,35
2021-12-24,0.01006314903497696,13
2021-12-25,0.4045620557541649,6
2021-12-26,0.22723898466210812,8
2021-12-27,0.25340000321638995,29
2021-12-28,0.05433249788788649,26
2021-12-29,0.1740063332642118,27
2021-12-30,0.13714108726865537,37
2021-12-31,0.1338384435361912,31
2022-01-01,-0.07201433042064309,8
2022-01-02,0.0556163532504191,12
2022-01-03,0.1588833455203308,36
2022-01-04,0.04509836572355458,35
2022-01-05,0.06869948044186458,32
2022-01-06,0.041262247780751854,36
2022-01-07,0.010743560541110734,36
2022-01-08,-0.013167774511708153,18
2022-01-09,0.15942093206999394,13
2022-01-10,-0.01896863134408539,33
2022-01-11,0.10470680957142678,36
2022-01-12,0.1775809616395613,41
2022-01-13,0.056694189530043376,42
2022-01-14,0.14692647974524234,45
2022-01-15,0.11140010856951658,13
2022-01-16,0.2793638181562225,15
2022-01-17,0.26297259350450564,26
2022-01-18,0.2219485464389436,40
2022-01-19,0.08526540438233074,43
2022-01-20,0.12860638191696347,41
2022-01-21,-0.046396606096482655,47
2022-01-22,0.18538116725782552,15
2022-01-23,-0.024888158403337003,10
2022-01-24,0.11041567978880755,41
2022-01-25,0.04363185365684331,50
2022-01-26,0.12349595253287655,41
2022-01-27,0.07480681276596758,46
2022-01-28,0.1734533291959832,43
2022-01-29,0.08794224802404642,15
2022-01-30,0.18398730922490358,12
2022-01-31,0.1167462102137506,40
2022-02-01,0.05069610426520429,41
2022-02-02,0.007765879521944693,42
2022-02-03,0.11754677058296635,47
2022-02-04,0.20578691140981392,40
2022-02-05,0.06924542039632797,12
2022-02-06,0.19339090856638821,11
2022-02-07,-0.023790038669378392,36
2022-02-08,0.09148677263320201,42
2022-02-09,0.20119759587105362,40
2022-02-10,0.1751229701405193,47
2022-02-11,0.0644427019703601,42
2022-02-12,-0.18636539929053364,17
2022-02-13,0.18752222859229034,13
2022-02-14,0.0495794069975978,41
2022-02-15,0.1589744153627476,43
2022-02-16,0.18505336687667295,40
2022-02-17,0.11606852775034697,46
2022-02-18,0.08531420962471101,45
2022-02-19,0.26816891005728394,8
2022-02-20,0.08719006131092708,15
2022-02-21,0.05647144259677993,27
2022-02-22,-0.04150844530130808,39
2022-02-23,0.1062157131317589,45
2022-02-24,0.08252929020470576,46
2022-02-25,0.11259517512683358,42
2022-02-26,-0.21977756434882229,11
2022-02-27,0.2803912236439911,11
2022-02-28,-0.014535328437988129,36
2022-03-01,0.045312303490936755,40
2022-03-02,0.13850663735398225,35
2022-03-03,0.06038331279031387,41
2022-03-04,0.09880551041732001,43
2022-03-05,0.2808307584242097,7
2022-03-06,-0.11909350494925793,13
2022-03-07,0.10630229843828158,39
2022-03-08,-0.016106887909007214,42
2022-03-09,0.2489780679655572,39
2022-03-10,0.056570722808151744,43
2022-03-11,0.2266429758376696,44
2022-03-12,0.1160558661046837,14
2022-03-13,-0.045939293631818146,8
2022-03-14,0.02636542557073491,42
2022-03-15,0.10485684854377593,35
2022-03-16,0.21144251847131687,33
2022-03-17,0.22023577871190947,43
2022-03-18,0.09773889893847632,41
2022-03-19,0.15270175027350585,15
2022-03-20,0.07491716342046857,10
2022-03-21,0.0016708964763512445,43
2022-03-22,0.18267518667770283,42
2022-03-23,0.12194179880051789,44
2022-03-24,0.15221551495293775,45
2022-03-25,0.04122042137747391,39
2022-03-26,0.042725249090128474,18
2022-03-27,0.05673124765356382,15
2022-03-28,0.1103513170084035,37
2022-03-29,0.33935586094509723,43
2022-03-30,0.216421477496624,34
2022-03-31,0.10978959789056153,42
2022-04-01,0.07498387213692898,36
2022-04-02,-0.30750019662082195,9
2022-04-03,0.005489542397360007,15
2022-04-04,0.1210902615619654,44
2022-04-05,0.20370323390055162,39
2022-04-06,0.19322568801880785,33
2022-04-07,0.1271228450246983,45
2022-04-08,0.04123404343906594,38
2022-04-09,0.12647109775571153,16
2022-04-10,-0.022422839344168704,12
2022-04-11,0.07503013548098113,38
2022-04-12,0.27739344859340537,36
2022-04-13,0.08107038477043572,38
2022-04-14,0.1777864939843615,42
2022-04-15,0.0952727435505949,16
2022-04-16,0.053718494184847386,14
2022-04-17,0.29224540169040364,6
2022-04-18,0.07317996192175676,34
2022-04-19,0.027779253794157757,47
2022-04-20,-0.11519441405605328,38
2022-04-21,0.04859776885926046,44
2022-04-22,0.15073528746142983,42
2022-04-23,-0.21950936689972878,17
2022-04-24,0.14896297361701727,12
2022-04-25,0.0913903127228351,38
2022-04-26,0.09920868235032844,46
2022-04-27,-0.054897133978859834,48
2022-04-28,0.17041769207765659,45
2022-04-29,0.05712349945679307,50
2022-04-30,-0.26394383929437026,16
2022-05-01,-0.028629559176889332,11
2022-05-02,0.08952029772280228,42
2022-05-03,0.06581687971176405,53
2022-05-04,0.06096191468035302,41
2022-05-05,0.16373835502114767,48
2022-05-06,-0.019963076233635753,49
2022-05-07,0.0025498625223657916,14
2022-05-08,-0.09255584536327256,18
2022-05-09,-0.024779019065392323,39
2022-05-10,0.12213196704650055,46
2022-05-11,0.044503585807979106,40
2022-05-12,0.13184748016434109,41
2022-05-13,0.27278645349724684,32
2022-05-14,0.0671749755909497,11
2022-05-15,0.1956980859727732,14
2022-05-16,0.10649822404348226,43
2022-05-17,0.17258157248475722,49
2022-05-18,0.02375516379479228,41
2022-05-19,-0.035861949415200135,44
2022-05-20,0.036708927561723906,43
2022-05-21,-0.2334675256162882,20
2022-05-22,-0.0436398980852503,13
2022-05-23,0.20021766314113681,44
2022-05-24,0.17437854802701622,40
2022-05-25,0.24161689379252493,40
2022-05-26,0.10696129601905649,53
2022-05-27,0.036014399693711945,46
2022-05-28,0.12394609409742631,13
2022-05-29,0.1763441926226593,13
2022-05-30,0.15927022923198011,27
2022-05-31,0.1914437616596351,37
2022-06-01,0.1003040624782443,38
2022-06-02,-0.011799141724148521,46
2022-06-03,0.10895518310876055,44
2022-06-04,0.00027989416516252926,21
2022-06-05,0.19531861320137978,7
2022-06-06,0.14754569854061955,39
2022-06-07,0.2842559216207721,36
2022-06-08,0.21202234266739753,45
2022-06-09,-0.003971471083025599,43
2022-06-10,0.10478960638019172,44
2022-06-11,0.00966847933044559,19
2022-06-12,0.034693747758865356,15
2022-06-13,-0.036038295304598775,38
2022-06-14,-0.007043912022543902,44
2022-06-15,0.013855587009613106,41
2022-06-16,0.018727859751217896,45
2022-06-17,0.06871373152875519,47
2022-06-18,0.10125296672975476,11
2022-06-19,-0.024295696343940038,13
2022-06-20,0.15014514558468806,33
2022-06-21,0.1675113747931189,36
2022-06-22,0.05344883226897827,43
2022-06-23,0.07257687624240684,43
2022-06-24,0.12301525353686885,40
2022-06-25,0.15205443552916958,21
2022-06-26,-0.12564090499654412,14
2022-06-27,0.06725160046480597,40
2022-06-28,0.1773240366777362,43
2022-06-29,0.05129873966374858,44
2022-06-30,-0.06651807593627145,46
2022-07-01,0.05130548257289863,41
2022-07-02,0.06810524547472596,20
2022-07-03,0.07029062711323301,12
2022-07-04,0.0355295188104113,27
2022-07-05,0.04180244037517063,46
2022-07-06,0.23295358231379873,42
2022-07-07,0.18344350988272487,41
2022-07-08,0.11166341133464716,38
2022-07-09,0.06193069089204073,12
2022-07-10,-0.019372797994451088,22
2022-07-11,0.08461596053728665,44
2022-07-12,0.019281565637743855,47
2022-07-13,0.24701701283324942,43
2022-07-14,-0.085478205788171,42
2022-07-15,0.13733622818456395,46
2022-07-16,0.1565283247580131,15
2022-07-17,0.17571255230509183,17
2022-07-18,0.10869587808847428,40
2022-07-19,0.1690828469885594,46
2022-07-20,0.008359870109707117,50
2022-07-21,0.15564390184357763,50
2022-07-22,0.023090567847248167,48
2022-07-23,0.08168889138553488,19
2022-07-24,-0.0709125168964659,19
2022-07-25,-0.024037521724081176,44
2022-07-26,0.13549274326367086,43
2022-07-27,0.06125989961152782,49
2022-07-28,0.15488917763846424,52
2022-07-29,0.04028704120440686,47
2022-07-30,0.05579934935443676,13
2022-07-31,0.043628902484973274,21
2022-08-01,0.02540714827112176,44
2022-08-02,0.00610950274599923,45
2022-08-03,0.2850428361853119,48
2022-08-04,0.11292606811313068,51
2022-08-05,0.0836939555234634,39
2022-08-06,0.09840729490251225,17
2022-08-07,0.2767087908578105,16
2022-08-08,0.17069351445197276,38
2022-08-09,0.13890839465893806,40
2022-08-10,0.050043333536730364,39
2022-08-11,0.06013808764803868,52
2022-08-12,0.06476092213568718,38
2022-08-13,-0.06045117218875223,18
2022-08-14,0.09643593611881922,19
2022-08-15,0.1826425278145406,45
2022-08-16,0.1491866713234534,36
2022-08-17,0.05151161955048641,36
2022-08-18,0.12164836607711471,46
2022-08-19,0.06328719661592744,43
2022-08-20,-0.12892153828094402,21
2022-08-21,0.2768858481088982,17
2022-08-22,0.0782254510052988,46
2022-08-23,-0.004784635479815982,44
2022-08-24,0.15634890591932668,45
2022-08-25,0.04362661398148963,42
2022-08-26,0.02582422413520123,38
2022-08-27,0.18018616863992065,16
2022-08-28,-0.011703830522795519,9
2022-08-29,0.10383068467490375,38
2022-08-30,0.04486214560342998,41
2022-08-31,0.07772145026291792,39
2022-09-01,-0.03815879633285753,46
2022-09-02,-0.12653781986946977,43
2022-09-03,0.023802924067958406,19
2022-09-04,0.12567809951724485,16
2022-09-05,0.13599868043924548,28
2022-09-06,0.044708925775837065,43
2022-09-07,0.003659174084029299,47
2022-09-08,0.07412879545565533,46
2022-09-09,0.09189097627878506,47
2022-09-10,-0.03793606843407217,19
2022-09-11,0.08082382681525567,22
2022-09-12,0.16600063343842825,45
2022-09-13,-0.0031210535248233514,44
2022-09-14,0.13925538511414612,42
2022-09-15,0.01570673534232709,45
2022-09-16,-0.035553540674630894,44
2022-09-17,0.004870276490692049,16
2022-09-18,0.11165177652283627,17
2022-09-19,0.0016287024819145077,38
2022-09-20,0.09077951131770626,39
2022-09-21,0.18248602935264624,43
2022-09-22,0.030484587102281777,44
2022-09-23,-0.006197522507935036,41
2022-09-24,0.10029875460479941,21
2022-09-25,0.007457397878170013,21
2022-09-26,0.11913727302518155,45
2022-09-27,0.08012233230523592,43
2022-09-28,0.022328159694249432,42
2022-09-29,-0.08267079887175283,43
2022-09-30,-0.07980469416361302,40
2022-10-01,0.11040801821897427,15
2022-10-02,0.08854689870384477,21
2022-10-03,0.16519028183949344,34
2022-10-04,0.1572181112662127,44
2022-10-05,0.05431580955032692,43
2022-10-06,0.2342978990636766,44
2022-10-07,-0.05243788577823175,45
2022-10-08,-0.010286031911770502,18
2022-10-09,0.10278586236139138,15
2022-10-10,-0.03817522295228228,41
2022-10-11,0.018218975625045243,42
2022-10-12,0.10746915091294795,48
2022-10-13,0.08902511424579036,48
2022-10-14,-0.09113525996217504,40
2022-10-15,0.08563051602857955,17
2022-10-16,-0.09831269271671772,18
2022-10-17,0.08117785340215525,46
2022-10-18,0.12219525605668219,49
2022-10-19,-0.04838564155830277,45
2022-10-20,-0.0454387299352042,46
2022-10-21,0.031031864330820415,46
2022-10-22,-0.06914395553758368,16
2022-10-23,-0.23129825872768248,14
2022-10-24,0.11171876944982531,44
2022-10-25,-0.01837361512743697,49
2022-10-26,0.043991296883258556,45
2022-10-27,0.04304041926349912,49
2022-10-28,0.17516159831679293,42
2022-10-29,0.08987231468781828,15
2022-10-30,0.18489233233655492,18
2022-10-31,0.10566146238707005,40
2022-11-01,0.002976535778078768,45
2022-11-02,0.23109060797529915,48
2022-11-03,0.08403408959349419,47
2022-11-04,0.0987831777006033,42
2022-11-05,0.07986125526459593,19
2022-11-06,0.03633214474508637,19
2022-11-07,0.021976633556187154,45
2022-11-08,0.22227067665662617,40
2022-11-09,-0.024736179038882256,41
2022-11-10,0.16065943883541894,49
2022-11-11,0.18405331533656202,44
2022-11-12,0.12172941666315584,17
2022-11-13,0.1649688483060648,12
2022-11-14,0.08044086800628276,43
2022-11-15,0.12242922488989871,43
2022-11-16,-0.010463796897480886,45
2022-11-17,-0.06806182307191193,40
2022-11-18,0.19487277104829748,30
2022-11-19,0.051618332508951426,14
2022-11-20,0.06768271452012031,19
2022-11-21,0.09830685764817255,49
2022-11-22,0.15476678667637783,39
2022-11-23,0.17693774648276822,42
2022-11-24,0.15494162053095573,33
2022-11-25,0.19877122278357373,29
2022-11-26,0.09304471289561618,21
2022-11-27,0.06544559130755563,12
2022-11-28,0.02761307555354304,36
2022-11-29,0.14470020148816498,43
2022-11-30,0.19479527015105955,42
2022-12-01,0.09518634206436288,52
2022-12-02,0.013471112493425608,50
2022-12-03,0.04156677597202361,20
2022-12-04,0.07415429688990116,21
2022-12-05,0.019885675393437083,38
2022-12-06,0.1379756064086062,41
2022-12-07,0.03421853515593445,51
2022-12-08,0.0422991225274191,42
2022-12-09,0.07517612697979943,44
2022-12-10,0.12940989983164602,18
2022-12-11,-0.09811884048394859,12
2022-12-12,0.18557446638647562,39
2022-12-13,0.04912762142913906,38
2022-12-14,0.0017908142487469472,38
2022-12-15,0.061234911573895566,48
2022-12-16,-0.0017457362697568051,43
2022-12-17,-0.02977254292705939,21
2022-12-18,0.04208600660786033,14
2022-12-19,-0.023052002871181906,41
2022-12-20,0.04847133423068694,35
2022-12-21,-0.09468917011442345,41
2022-12-22,-0.04925744617745901,48
2022-12-23,0.019104439220050486,41
2022-12-24,0.1787659531303992,12
2022-12-25,0.12031705856609803,13
2022-12-26,0.12785440269857645,25
2022-12-27,-0.0117495754649016,44
2022-12-28,-0.04631714893039316,40
2022-12-29,0.08511269351819882,37
2022-12-30,-0.24772304442161933,39
2022-12-31,0.13761797107549179,18
2023-01-01,0.02632957458263263,16
2023-01-02,0.23792370826005935,25
2023-01-03,-0.07344308147569084,36
2023-01-04,0.07053934149250078,48
2023-01-05,0.11481801049902718,47
2023-01-06,0.1357347312891348,44
2023-01-07,0.034797403894897015,14
2023-01-08,0.0907711032157143,15
2023-01-09,0.14105415782641348,41
2023-01-10,0.040346031026864376,37
2023-01-11,-0.008281594163484195,44
2023-01-12,-0.029173193162584557,47
2023-01-13,0.09730717190541327,40
2023-01-14,0.18977638067943708,14
2023-01-15,-0.02449519406346714,17
2023-01-16,0.14596651218110515,31
2023-01-17,0.06324784849316646,39
2023-01-18,0.09572061849758029,44
2023-01-19,0.023422148623844473,41
2023-01-20,-0.054536717012524605,45
2023-01-21,-0.0429838877171278,14
2023-01-22,-0.003497564130359226,18
2023-01-23,0.15080853061669547,46
2023-01-24,-0.06868480476550758,40
2023-01-25,-0.04327855247538537,48
2023-01-26,0.17444080712419807,51
2023-01-27,0.024778158658938038,42
2023-01-28,-0.05148139763623476,20
2023-01-29,0.10422526532784104,18
2023-01-30,-0.008289257510720441,48
2023-01-31,-0.07083684096679739,46
2023-02-01,0.13335147818240026,48
2023-02-02,0.07596517892136258,49
2023-02-03,0.1218557588042731,47
2023-02-04,0.07501671353488096,14
2023-02-05,0.23214491556531616,14
2023-02-06,0.10395132021978498,50
2023-02-07,0.0344252625050453,52
2023-02-08,0.09726096521492819,49
2023-02-09,0.2185726305283606,50
2023-02-10,0.13375652327667922,40
2023-02-11,0.22290074005722998,15
2023-02-12,0.07379747154191137,20
2023-02-13,0.12637358147928374,47
2023-02-14,0.0704176768553085,52
2023-02-15,0.15208061968552924,42
2023-02-16,0.008343844267074019,48
2023-02-17,0.08461803392051383,47
2023-02-18,-0.03129599029746126,17
2023-02-19,0.08080064084218896,23
2023-02-20,0.08478441222797374,37
2023-02-21,-0.0438087165177344,47
2023-02-22,0.09368700178924437,51
2023-02-23,0.06384931682367567,54
2023-02-24,-0.03360915303928778,40
2023-02-25,-0.1132100310176611,25
2023-02-26,0.12161174501207742,22
2023-02-27,0.05749651214674763,46
2023-02-28,0.07479318498386717,49
2023-03-01,0.09085832240388673,51
2023-03-02,0.06724679904679458,48
2023-03-03,0.07433153578035888,42
2023-03-04,0.021394122427759264,26
2023-03-05,0.0456686943769455,25
2023-03-06,0.11323384931099346,44
2023-03-07,0.0452971299237106,48
2023-03-08,-0.05247699618137077,46
2023-03-09,0.005591648531720993,47
2023-03-10,0.001988475192338228,50
2023-03-11,-0.06910023719072342,25
2023-03-12,-0.10094817715386549,15
2023-03-13,-0.018277536868592913,49
2023-03-14,0.14698342074240958,42
2023-03-15,0.055494339649819514,44
2023-03-16,0.11944197688163036,42
2023-03-17,0.010216033745867511,48
2023-03-18,0.04412944945506751,20
2023-03-19,0.05118764275194783,19
2023-03-20,-0.022440520398642704,46
2023-03-21,-0.005711310998873508,47
2023-03-22,0.16522184252001657,48
2023-03-23,0.057993617495176966,54
2023-03-24,0.12289126648608109,46
2023-03-25,0.09080423794997235,24
2023-03-26,0.05787000142865711,18
2023-03-27,0.10586808968753535,49
2023-03-28,0.17193274954928361,47
2023-03-29,0.04155951753258705,50
2023-03-30,0.01971671852630143,51
2023-03-31,0.12501402458176017,50
2023-04-01,0.09269760807769166,27
2023-04-02,0.18447374468225808,21
2023-04-03,0.08120102190372089,46
2023-04-04,0.1449909479667743,45
2023-04-05,0.055206381012590566,49
2023-04-06,0.03673948014002978,49
2023-04-07,0.07423919896510514,33
2023-04-08,-0.06322188065387309,20
2023-04-09,0.03438814367271132,18
2023-04-10,0.08395606774138287,48
2023-04-11,0.13702238326811272,46
2023-04-12,0.13819023084943183,48
2023-04-13,0.20274327706545592,50
2023-04-14,0.025465169745600886,45
2023-04-15,0.09067899890942499,16
2023-04-16,0.06220565665335882,21
2023-04-17,0.08421990589704365,48
2023-04-18,0.15577743059024216,50
2023-04-19,0.0978212606884083,49
2023-04-20,0.06920036887586639,57
2023-04-21,0.13273221970049906,46
2023-04-22,0.06664797140374071,21
2023-04-23,-0.01759326437731152,23
2023-04-24,0.0893665713681416,55
2023-04-25,0.07423198230217322,59
2023-04-26,-0.041155620478093624,55
2023-04-27,0.021108658691109332,54
2023-04-28,0.04359027400028472,51
2023-04-29,0.09710129970235043,29
2023-04-30,-0.01103078059690154,23
2023-05-01,0.0900555365547842,49
2023-05-02,-0.019750394634212607,54
2023-05-03,-0.016654345244929498,49
2023-05-04,0.07003617415140415,58
2023-05-05,0.17073393838169673,48
2023-05-06,0.02255525774158099,17
2023-05-07,0.10324125830084085,12
2023-05-08,0.0781765642194924,44
2023-05-09,0.007749549416435319,43
2023-05-10,0.0691840348537175,49
2023-05-11,0.04614927060902119,50
2023-05-12,0.04189658670553139,42
2023-05-13,-0.0764263904420659,16
2023-05-14,0.04826664135448242,19
2023-05-15,0.06888380330055952,50
2023-05-16,0.11400288005166177,53
2023-05-17,0.14177281999046792,53
2023-05-18,0.06821908516323437,46
2023-05-19,0.033745718472029854,46
2023-05-20,0.005794859148169819,19
2023-05-21,0.10835777701617315,29
2023-05-22,0.15149007422256877,44
2023-05-23,0.08437622574612845,43
2023-05-24,0.03734709996235918,49
2023-05-25,-0.01253208198964044,54
2023-05-26,0.08553220107755129,47
2023-05-27,0.03466160366168389,26
2023-05-28,0.22043598893408975,18
2023-05-29,0.04099709705915302,40
2023-05-30,0.018172310257796198,48
2023-05-31,-0.003283586442613831,52
2023-06-01,0.0760936961742118,48
2023-06-02,-0.009965956032751723,47
2023-06-03,0.03242490211358437,26
2023-06-04,0.05813755242464443,36
2023-06-05,0.01957303227856755,50
2023-06-06,-0.006260823620402295,46
2023-06-07,0.15850295251649288,45
2023-06-08,0.13299245303496718,50
2023-06-09,0.1942544841461561,55
2023-06-10,0.09427214039489627,25
2023-06-11,0.05265450952895757,29
2023-06-12,0.09399448380766746,48
2023-06-13,-0.042948919480018645,46
2023-06-14,0.10551547507823604,41
2023-06-15,0.07764180034864694,40
2023-06-16,0.13461491926898098,43
2023-06-17,0.010124577411814877,23
2023-06-18,0.027337502473248884,26
2023-06-19,0.15570142184493735,34
2023-06-20,0.07216673730773494,47
2023-06-21,0.16237958650226178,46
2023-06-22,0.1231727985130554,54
2023-06-23,0.17958791908331034,41
2023-06-24,0.06684314129366116,22
2023-06-25,0.09726235673071877,31
2023-06-26,0.07738592729826148,48
2023-06-27,0.15164927293274863,48
2023-06-28,-0.03600283146702817,49
2023-06-29,0.055363281401382254,55
2023-06-30,0.09979878021205993,47
2023-07-01,0.0361909957440651,23
2023-07-02,0.052586473171310176,29
2023-07-03,0.1452686717112859,45
2023-07-04,0.10430246665431507,29
2023-07-05,-0.021668008259601062,45
2023-07-06,0.07564215818420053,50
2023-07-07,0.16260010121884394,49
2023-07-08,-0.0031357156922635827,23
2023-07-09,-0.04547039205984523,24
2023-07-10,0.07458554098303331,47
2023-07-11,0.1635819684494944,51
2023-07-12,0.13610470566588143,54
2023-07-13,0.180074272939766,55
2023-07-14,0.026070882010747466,57
2023-07-15,0.0015852757552195164,21
2023-07-16,0.07335113458192119,26
2023-07-17,0.11571954468058215,45
2023-07-18,0.08602722313360504,53
2023-07-19,0.036037744207564615,58
2023-07-20,0.09728426268390779,56
2023-07-21,0.007186698349509036,53
2023-07-22,0.05318374978378415,20
2023-07-23,0.016869556380524522,21
2023-07-24,0.1351907558180392,50
2023-07-25,0.17154875235124067,55
2023-07-26,0.07572296226227826,55
2023-07-27,0.05808573006212993,53
2023-07-28,0.11117362456396222,50
2023-07-29,0.12198724574409425,28
2023-07-30,0.10766594786196947,25
2023-07-31,0.04863693753151961,53
2023-08-01,0.12496101377787543,51
2023-08-02,-0.018591307143096703,59
2023-08-03,-0.06633836673221218,53
2023-08-04,0.03074245074796572,57
2023-08-05,0.05729071759352727,28
2023-08-06,0.044085351957215205,18
2023-08-07,0.09891964668408036,50
2023-08-08,-0.018212628699839115,50
2023-08-09,0.037489697622249324,49
2023-08-10,0.0041665850537053,48
2023-08-11,-0.04626756495692664,45
2023-08-12,0.06567621471262292,19
2023-08-13,0.04326298981904984,30
2023-08-14,0.136060035859163,52
2023-08-15,0.19434408366452066,49
2023-08-16,0.16632671952445774,47
2023-08-17,0.08349578830887351,57
2023-08-18,0.015908613259535888,43
2023-08-19,0.010607501647124687,24
2023-08-20,0.018238419696928992,31
2023-08-21,0.09745248528767606,49
2023-08-22,0.11584016120199252,54
2023-08-23,0.1879356887191534,50
2023-08-24,-0.05609345330426899,52
2023-08-25,0.09780287148659023,49
2023-08-26,-0.03835436038207263,16
2023-08-27,0.3023302348549752,17
2023-08-28,0.14779460397751434,46
2023-08-29,0.1108486227846394,48
2023-08-30,0.20447078173980116,50
2023-08-31,0.07964164664133869,58
2023-09-01,0.11583217260028635,49
2023-09-02,0.025467001460492612,20
2023-09-03,0.09905261732637882,22
2023-09-04,0.2116611165424379,39
2023-09-05,0.057468584389425814,48
2023-09-06,0.04418689170282106,49
2023-09-07,-0.052736607768262424,54
2023-09-08,-0.010493070810455186,58
2023-09-09,-0.01656465811122741,28
2023-09-10,0.1712701410520822,20
2023-09-11,0.27235401912846346,44
2023-09-12,0.05292971056886017,50
2023-09-13,0.10013364347590444,48
2023-09-14,0.04889342933893204,52
2023-09-15,0.015026196479863887,56
2023-09-16,0.15340868051862344,16
2023-09-17,0.09336448642180155,19
2023-09-18,0.038424018440612905,48
2023-09-19,0.12793449147526795,48
2023-09-20,0.13024908676743507,54
2023-09-21,0.002702796715311706,56
2023-09-22,0.047109873108565806,50
2023-09-23,0.05444639418274164,15
2023-09-24,-0.06062444230835689,19
2023-09-25,0.03274198071848528,51
2023-09-26,-0.20568062213715166,56
2023-09-27,0.04237334780889202,49
2023-09-28,0.128848780622231,51
2023-09-29,0.15746854854902873,48
2023-09-30,0.038777614677590985,21
2023-10-01,0.06790948608734955,24
2023-10-02,0.045504408254426844,47
2023-10-03,0.04632346580718767,53
2023-10-04,0.13741864490897415,47
2023-10-05,0.09995197602368605,52
2023-10-06,0.049445669723512685,46
2023-10-07,0.1043599967379123,20
2023-10-08,0.11091143161277561,17
2023-10-09,0.11435688181275812,48
2023-10-10,0.030458416789770126,50
2023-10-11,0.08619730992774878,49
2023-10-12,0.07428663650527596,50
2023-10-13,0.09011392945652469,57
2023-10-14,-0.0037514347350224853,16
2023-10-15,0.03080833765367667,30
2023-10-16,0.2463332442887898,58
2023-10-17,-0.03884024848230183,52
2023-10-18,0.026296644266694785,50
2023-10-19,0.020566167276618735,56
2023-10-20,0.07037236400898181,51
2023-10-21,0.0692468654802617,17
2023-10-22,0.2335692490451038,18
2023-10-23,-0.01649920324630597,51
2023-10-24,0.16920319554518978,53
2023-10-25,0.15394919977656432,56
2023-10-26,0.08146352907642722,60
2023-10-27,-0.04744707259529254,57
2023-10-28,0.013442926327971852,17
2023-10-29,-0.048257047698522605,24
2023-10-30,0.011341976818808337,57
2023-10-31,0.2179022922600601,51
2023-11-01,0.09800696301767055,51
2023-11-02,0.14887119474489305,59
2023-11-03,0.10985354047783828,47
2023-11-04,-0.02257590664417616,28
2023-11-05,-0.01462614501973516,19
2023-11-06,0.04487835765550179,56
2023-11-07,0.193699556384952,52
2023-11-08,0.01565336402646213,53
2023-11-09,0.08601245120675727,55
2023-11-10,-0.01334771552744011,48
2023-11-11,0.152461932205102,17
2023-11-12,0.04019195269793272,25
2023-11-13,0.06319353634329594,46
2023-11-14,0.13367486284631822,45
2023-11-15,0.08574077209619724,46
2023-11-16,0.06795883763862669,53
2023-11-17,0.14459580141313685,48
2023-11-18,0.021901892311871052,20
2023-11-19,0.0459348205798145,29
2023-11-20,0.05393510583069241,57
2023-11-21,0.15199540936792233,53
2023-11-22,0.07927785636010495,55
2023-11-23,0.1296453574905172,44
2023-11-24,0.19865338757517748,48
2023-11-25,0.07733896812971901,17
2023-11-26,0.04473524943234459,31
2023-11-27,0.07302801807124454,52
2023-11-28,0.16415920267812908,50
2023-11-29,0.08127882941923242,47
2023-11-30,0.17875950108721572,53
2023-12-01,0.11854008387774229,50
2023-12-02,-0.1899692756456456,28
2023-12-03,0.1269163695563163,28
2023-12-04,0.07885612067848183,57
2023-12-05,0.05618055548089055,52
2023-12-06,0.16813462357795625,54
2023-12-07,0.11354336699542518,52
2023-12-08,0.011024883264636106,47
2023-12-09,0.07189986486919224,20
2023-12-10,0.1311759526655078,25
2023-12-11,0.05587172534627219,60
2023-12-12,0.13146860337930552,57
2023-12-13,0.09482403337639177,53
2023-12-14,0.2120317108717493,44
2023-12-15,0.1027948969664673,39
2023-12-16,0.08169233043893026,65
2023-12-17,0.7047995524480939,1
2023-12-18,0.08776810858398676,1
2023-12-19,-0.732285887002945,1
2023-12-20,0.07451986894011497,1
2023-12-21,0.004200823605060577,1
2023-12-22,0.283248626627028,1
2023-12-23,0.07702143210917711,1
2023-12-24,0.06050082482397556,1
2023-12-25,0.1259496659040451,1
2023-12-26,0.924332220107317,1
2023-12-27,0.8544753352180123,1
2023-12-28,0.11742382496595383,1
2023-12-29,0.07309180684387684,1
2023-12-30,0.01857980340719223,1
2023-12-31,-0.003306061029434204,1
2024-01-01,0.030199740082025528,1
2024-01-02,0.2522102864459157,1
2024-01-03,0.028909843415021896,1
2024-01-04,0.021905820816755295,1
2024-01-05,0.03293265961110592,1
2024-01-06,0.059165818616747856,1
2024-01-07,-0.003306061029434204,1
2024-01-08,-0.0031903963536024094,1
2024-01-09,0.43864981830120087,1
